COD;NOMBRE;OFICINA;Actual;OBSERVACIÓN;TIPO;SUPERVISOR RESPONSABLE;NIVEL DE RIESGO INUNDACION;SENSIBILIDAD A CORTES ELECTRICOS;Ciudad;Provincia;Riesgo;Alimentador;Reserva Glns;Autonomia Max horas;ID;Nivel;PUNTO DE ATENCIÓN;Riesgo Oleaje;UNICOS;Name;Concatenado;Ubicación;Latitud;Longitud;Ponderacion Inundaciones;Inundaciones;Cortes
402;ATM - ARCA PORTOVIEJO;PORTOVIEJO;NO;ABIERTO;OFICINA;José Mendoza;Crítico (Se inunda punto de atención);Media (Cortes esporádicos);Portoviejo;Manabí;;Generador;;;Crítico (Se inunda punto de atención)Media (Cortes esporádicos);N1 Crítico;ARCA PORTOVIEJO;NO;ATM - ARCA JUAN TANCA MARENGO;402-ATM - ARCA PORTOVIEJO;(398-ATM - ARCA JUAN TANCA MARENGO);-1.073357, -80.444453;-1.073357;-80.444453;0;1;2
A0037;ARCA PORTOVIEJO;ARCA PORTOVIEJO;SI;ABIERTO;VENTANILLA DE EMPRESA;José Mendoza;Crítico (Se inunda punto de atención);Media (Cortes esporádicos);Portoviejo;Manabí;;Generador;;;Crítico (Se inunda punto de atención)Media (Cortes esporádicos);N1 Crítico;ARCA PORTOVIEJO;NO;ATM - ARCA QUITO CALDERON;A0037-ARCA PORTOVIEJO;(396-ATM - ARCA QUITO CALDERON);-1.073357, -80.444453;-1.073357;-80.444453;0;1;2
422;ATM - ARCA QUEVEDO;QUEVEDO;NO;ABIERTO;OFICINA;Fabián Burgos;Bajo / Seguro;Alta (Corte inmediato);Quevedo;Los Ríos;;Generador;;;Bajo / SeguroAlta (Corte inmediato);N2 Alto;ARCA QUEVEDO;NO;ATM - ARCA SANTO DOMINGO;422-ATM - ARCA QUEVEDO;(397-ATM - ARCA SANTO DOMINGO);-0.97913, -79.440004;-0.97913;-79.440004;0;3;3
A0038;ARCA QUEVEDO;ARCA QUEVEDO;NO;ABIERTO;VENTANILLA DE EMPRESA;Fabián Burgos;Bajo / Seguro;Alta (Corte inmediato);Quevedo;Los Ríos;;Generador;;;Bajo / SeguroAlta (Corte inmediato);N2 Alto;ARCA QUEVEDO;NO;ATM - ARCA VIA A DAULE;A0038-ARCA QUEVEDO;(395-ATM - ARCA VIA A DAULE);-0.97913, -79.440004;-0.97913;-79.440004;0;3;3
A0036;ARCA VIA PASAJE MACHALA;ARCA VIA PASAJE MACHALA;NO;ABIERTO;VENTANILLA DE EMPRESA;Washington Reyes;Medio (Se inunda la calle);Alta (Corte inmediato);Machala;El Oro;;Generador;;;Medio (Se inunda la calle)Alta (Corte inmediato);N1 Crítico;ARCA VIA PASAJE MACHALA;NO;ATM - AVICOLA FERNANDEZ , AV. ISI;A0036-ARCA VIA PASAJE MACHALA;(249-ATM - AVICOLA FERNANDEZ , AV. ISI);-3.274044, -79.935957;-3.274044;-79.935957;0;4;3
496;ATM - AVÍCOLA FERNANDEZ BABAHOYO;MATRIZ-TEVCOL;NO;ABIERTO;ISLA;Fabián Burgos;Medio (Se inunda la calle);Alta (Corte inmediato);Babahoyo;Los Ríos;;Generador;;;Medio (Se inunda la calle)Alta (Corte inmediato);N1 Crítico;ATM - AVÍCOLA FERNANDEZ BABAHOYO;NO;ATM - C.CONVENCION LISTO;496-ATM - AVÍCOLA FERNANDEZ BABAHOYO;(453-ATM - C.CONVENCION LISTO);-1.799965, -79.531699;-1.799965;-79.531699;0;4;3
65;ATM - C.C. PASEO LIBERTAD;MATRIZ-TEVCOL;NO;ABIERTO;ISLA;Gerardo Pulgarín;Bajo / Seguro;Media (Cortes esporádicos);La Libertad;Santa Elena;;Generador;;;Bajo / SeguroMedia (Cortes esporádicos);N3 Moderado;ATM - C.C. PASEO LIBERTAD;OLEAJE;ATM - CD DIFARE;65-ATM - C.C. PASEO LIBERTAD;(489-ATM - CD DIFARE);-2.2259149907482, -80.921130024467;-2.225914991;-80.92113002;0;3;2
64;ATM - C.C. PASEO MANTA;MATRIZ-TEVCOL;NO;ABIERTO;ISLA;José Mendoza;Bajo / Seguro;Media (Cortes esporádicos);Manta;Manabí;;Generador;;;Bajo / SeguroMedia (Cortes esporádicos);N3 Moderado;ATM - C.C. PASEO MANTA;NO;ATM - CD EL ROSADO;64-ATM - C.C. PASEO MANTA;(456-ATM - CD EL ROSADO);-0.96635436268373, -80.705825555278;-0.966354363;-80.70582556;0;3;2
66;ATM - C.C. PASEO PORTOVIEJO MI CO;MATRIZ-TEVCOL;NO;ABIERTO;ISLA;José Mendoza;Medio (Se inunda la calle);Media (Cortes esporádicos);Portoviejo;Manabí;;Generador;;;Medio (Se inunda la calle)Media (Cortes esporádicos);N2 Alto;ATM - C.C. PASEO PORTOVIEJO MI CO;NO;ATM - CENTRO PLAYAS;66-ATM - C.C. PASEO PORTOVIEJO MI CO;(250-ATM - CENTRO PLAYAS);-1.0611303680668, -80.465528737434;-1.061130368;-80.46552874;0;4;2
77;ATM - OF. BABAHOYO;BABAHOYO;NO;ABIERTO;OFICINA;Fabián Burgos;Medio (Se inunda la calle);Alta (Corte inmediato);Babahoyo;Los Ríos;;Generador;;;Medio (Se inunda la calle)Alta (Corte inmediato);N1 Crítico;BABAHOYO;NO;DOMINGO COMIN;77-ATM - OF. BABAHOYO;(33-ATM - OF. DOMINGO COMIN) +  (A0053-DOMINGO COMIN);-1.8004036332543, -79.535966546678;-1.800403633;-79.53596655;0;4;3
A0004;BABAHOYO;BABAHOYO;NO;ABIERTO;AGENCIA;Fabián Burgos;Medio (Se inunda la calle);Alta (Corte inmediato);Babahoyo;Los Ríos;;Generador;30;12.75;Medio (Se inunda la calle)Alta (Corte inmediato);N1 Crítico;BABAHOYO;NO;EL CARMEN;A0004-BABAHOYO;(105-ATM - OF. EL CARMEN) +  (385-ATM - OF. EL CARMEN 2) +  (A0007-EL CARMEN);-1.8004036332543, -79.535966546678;-1.800403633;-79.53596655;0;4;3
42;ATM - OF. BUENA FE;BUENA FE;NO;ABIERTO;OFICINA;Fabián Burgos;Bajo / Seguro;Alta (Corte inmediato);San Jacinto de Buena Fe;Los Ríos;;Generador;;;Bajo / SeguroAlta (Corte inmediato);N2 Alto;BUENA FE;NO;EL DORADO;42-ATM - OF. BUENA FE;(426-ATM - C.C. EL DORADO OF.) +  (A0008-EL DORADO);-0.89612508624406, -79.490255462025;-0.896125086;-79.49025546;0;3;3
A0005;BUENA FE;BUENA FE;NO;ABIERTO;AGENCIA;Fabián Burgos;Bajo / Seguro;Alta (Corte inmediato);San Jacinto de Buena Fe;Los Ríos;;Generador;50;17;Bajo / SeguroAlta (Corte inmediato);N2 Alto;BUENA FE;NO;EL EMPALME;A0005-BUENA FE;(40-ATM - OF. EL EMPALME) +  (356-ATM - OF EL EMPALME 2) +  (A0009-EL EMPALME);-0.89612508624406, -79.490255462025;-0.896125086;-79.49025546;0;3;3
105;ATM - OF. EL CARMEN;EL CARMEN;NO;ABIERTO;OFICINA;Carlos Morán;Bajo / Seguro;Baja (Línea prioritaria);El Carmen;Manabí;;Generador;;;Bajo / SeguroBaja (Línea prioritaria);N4 Bajo;EL CARMEN;NO;PASEO SHOPPING AMBATO;105-ATM - OF. EL CARMEN;(134-ATM - PASEO SHOPPING AMBATO) +  (A0099-PASEO SHOPPING AMBATO);-0.27234110224082, -79.462855468174;-0.272341102;-79.46285547;0;3;1
385;ATM - OF. EL CARMEN 2;EL CARMEN;NO;ABIERTO;OFICINA;Carlos Morán;Bajo / Seguro;Baja (Línea prioritaria);El Carmen;Manabí;;Generador;;;Bajo / SeguroBaja (Línea prioritaria);N4 Bajo;EL CARMEN;NO;PASEO SHOPPING DURAN;385-ATM - OF. EL CARMEN 2;(203-ATM - SHOPPING DURAN) +  (525-ATM - SHOPPING DURAN RE) +  (A0025-PASEO SHOPPING DURAN);-0.27234110224082, -79.462855468174;-0.272341102;-79.46285547;0;3;1
A0007;EL CARMEN;EL CARMEN;NO;ABIERTO;AGENCIA;Carlos Morán;Bajo / Seguro;Baja (Línea prioritaria);El Carmen;Manabí;;Baterias;0;4;Bajo / SeguroBaja (Línea prioritaria);N4 Bajo;EL CARMEN;NO;PASEO SHOPPING PLAYAS;A0007-EL CARMEN;(349-ATM - SHOPPING PLAYAS) +  (A0062-PASEO SHOPPING PLAYAS);-0.27234110224082, -79.462855468174;-0.272341102;-79.46285547;0;3;1
296;ATM - C.C. PASEO SHOPPING QUEVEDO;QUEVEDO;NO;ABIERTO;OFICINA;Fabián Burgos;Bajo / Seguro;Alta (Corte inmediato);Quevedo;Los Ríos;;Generador;;;Bajo / SeguroAlta (Corte inmediato);N2 Alto;HIPERMARKET QUEVEDO;NO;QUICENTRO SUR SHOPPING;296-ATM - C.C. PASEO SHOPPING QUEVEDO;(282-ATM - QUICENTRO SUR SHOPPING OF.) +  (434-ATM - QUICENTRO SUR 2 SHOPPING) +  (A0081-QUICENTRO SUR SHOPPING);-0.999635, -79.467502;-0.999635;-79.467502;0;3;3
A0056;HIPERMARKET QUEVEDO;HIPERMARKET QUEVEDO;NO;ABIERTO;VENTANILLA DE EXTENSION;Fabián Burgos;Bajo / Seguro;Alta (Corte inmediato);Quevedo;Los Ríos;;Generador;;;Bajo / SeguroAlta (Corte inmediato);N2 Alto;HIPERMARKET QUEVEDO;NO;QUITO AMAZONAS;A0056-HIPERMARKET QUEVEDO;(8-ATM - OF. AMAZONAS) +  (A0073-QUITO AMAZONAS);-0.999635, -79.467502;-0.999635;-79.467502;0;3;3
54;ATM - OF. LIBERTAD;LA LIBERTAD;NO;ABIERTO;OFICINA;Gerardo Pulgarín;Bajo / Seguro;Media (Cortes esporádicos);La Libertad;Santa Elena;;Generador;;;Bajo / SeguroMedia (Cortes esporádicos);N3 Moderado;LA LIBERTAD;OLEAJE;RIOCENTRO SUR;54-ATM - OF. LIBERTAD;(A0057-RIOCENTRO SUR);-2.2212702792257, -80.908197224537;-2.221270279;-80.90819722;0;3;2
369;ATM - OF. LIBERTAD 2;LA LIBERTAD;NO;ABIERTO;OFICINA;Gerardo Pulgarín;Bajo / Seguro;Media (Cortes esporádicos);La Libertad;Santa Elena;;Generador;;;Bajo / SeguroMedia (Cortes esporádicos);N3 Moderado;LA LIBERTAD;OLEAJE;SAI BABA DURAN;369-ATM - OF. LIBERTAD 2;(297-ATM - OF. SAI BABA DURAN KM 4.5 V) +  (A0066-SAI BABA DURAN);-2.2212702792257, -80.908197224537;-2.221270279;-80.90819722;0;3;2
A0011;LA LIBERTAD;LA LIBERTAD;NO;ABIERTO;AGENCIA;Gerardo Pulgarín;Bajo / Seguro;Media (Cortes esporádicos);La Libertad;Santa Elena;;Generador;50;14.16666667;Bajo / SeguroMedia (Cortes esporádicos);N3 Moderado;LA LIBERTAD;OLEAJE;SALICA;A0011-LA LIBERTAD;(101-ATM - POSORJA FABRICA SALICA) +  (A0046-SALICA);-2.2212702792257, -80.908197224537;-2.221270279;-80.90819722;0;3;2
A0042;LOTERIA MANTA;LOTERIA MANTA;NO;ABIERTO;VENTANILLA DE EMPRESA;José Mendoza;Medio (Se inunda la calle);Media (Cortes esporádicos);Manta;Manabí;;NO;;;Medio (Se inunda la calle)Media (Cortes esporádicos);N2 Alto;LOTERIA MANTA;NO;VIA DAULE;A0042-LOTERIA MANTA;(21-ATM - GAS. MOBIL VIA DAULE OF.) +  (A0069-VIA DAULE);-0.946550, -80.722707;-0.94655;-80.722707;0;4;2
447;ATM - AG. MACHALA;MACHALA;NO;ABIERTO;OFICINA;Washington Reyes;Medio (Filtracion superficial);Baja (Línea prioritaria);Machala;El Oro;;Generador;;;Medio (Filtracion superficial)Baja (Línea prioritaria);N4 Bajo;MACHALA;NO;;447-ATM - AG. MACHALA;;-3.2791119581546, -79.933491846033;-3.279111958;-79.93349185;0;2;1
A0016;MACHALA;MACHALA;NO;ABIERTO;AGENCIA;Washington Reyes;Medio (Filtracion superficial);Baja (Línea prioritaria);Machala;El Oro;;Generador;100;8.5;Medio (Filtracion superficial)Baja (Línea prioritaria);N4 Bajo;MACHALA;NO;;A0016-MACHALA;;-3.2791119581546, -79.933491846033;-3.279111958;-79.93349185;0;2;1
7;ATM - OF. MACHALA;MACHALA CENTRO;NO;ABIERTO;OFICINA;Washington Reyes;Medio (Filtracion superficial);Baja (Línea prioritaria);Machala;El Oro;;Generador;;;Medio (Filtracion superficial)Baja (Línea prioritaria);N4 Bajo;MACHALA CENTRO;NO;;7-ATM - OF. MACHALA;;-3.2603292549264, -79.959522265012;-3.260329255;-79.95952227;0;2;1
476;ATM - OF. MACHALA 2;MACHALA CENTRO;NO;ABIERTO;OFICINA;Washington Reyes;Medio (Filtracion superficial);Baja (Línea prioritaria);Machala;El Oro;;Generador;;;Medio (Filtracion superficial)Baja (Línea prioritaria);N4 Bajo;MACHALA CENTRO;NO;;476-ATM - OF. MACHALA 2;;-3.2603292549264, -79.959522265012;-3.260329255;-79.95952227;0;2;1
A0015;MACHALA CENTRO;MACHALA CENTRO;NO;ABIERTO;AGENCIA;Washington Reyes;Medio (Filtracion superficial);Baja (Línea prioritaria);Machala;El Oro;;Generador;50;10.625;Medio (Filtracion superficial)Baja (Línea prioritaria);N4 Bajo;MACHALA CENTRO;NO;;A0015-MACHALA CENTRO;;-3.2603292549264, -79.959522265012;-3.260329255;-79.95952227;0;2;1
28;ATM - OF. MANTA;MANTA;NO;ABIERTO;OFICINA;José Mendoza;Medio (Se inunda la calle);Media (Cortes esporádicos);Manta;Manabí;;Generador;;;Medio (Se inunda la calle)Media (Cortes esporádicos);N2 Alto;MANTA;NO;;28-ATM - OF. MANTA;;-0.944159850919098, -80.7236031464606;-0.944159851;-80.72360315;0;4;2
A0019;MANTA;MANTA;NO;ABIERTO;AGENCIA;José Mendoza;Medio (Se inunda la calle);Media (Cortes esporádicos);Manta;Manabí;;Generador;50;4.25;Medio (Se inunda la calle)Media (Cortes esporádicos);N2 Alto;MANTA;NO;;A0019-MANTA;;-0.94425921393838, -80.723623947716;-0.944259214;-80.72362395;0;4;2
A0061;MONTAÑITA;MONTAÑITA;SI;ABIERTO;VENTANILLA DE EXTENSION;Gerardo Pulgarín;Bajo / Seguro;Media (Cortes esporádicos);Montañita;Santa Elena;;Generador;5;2.125;Bajo / SeguroMedia (Cortes esporádicos);N3 Moderado;MONTAÑITA;OLEAJE;;A0061-MONTAÑITA;;-1.8266960736485, -80.753190150188;-1.826696074;-80.75319015;0;3;2
34;ATM - OF. PORTOVIEJO;PORTOVIEJO;NO;ABIERTO;OFICINA;José Mendoza;Medio (Se inunda la calle);Media (Cortes esporádicos);Portoviejo;Manabí;;Generador;;;Medio (Se inunda la calle)Media (Cortes esporádicos);N2 Alto;PORTOVIEJO;NO;;34-ATM - OF. PORTOVIEJO;;-1.0509264862944, -80.462363347939;-1.050926486;-80.46236335;0;4;2
A0027;PORTOVIEJO;PORTOVIEJO;NO;ABIERTO;AGENCIA;José Mendoza;Medio (Se inunda la calle);Media (Cortes esporádicos);Portoviejo;Manabí;;Generador;30;10.2;Medio (Se inunda la calle)Media (Cortes esporádicos);N2 Alto;PORTOVIEJO;NO;;A0027-PORTOVIEJO;;-1.0509264862944, -80.462363347939;-1.050926486;-80.46236335;0;4;2
6;ATM - OF. QUEVEDO;QUEVEDO;NO;ABIERTO;OFICINA;Fabián Burgos;Bajo / Seguro;Alta (Corte inmediato);Quevedo;Los Ríos;;Generador;;;Bajo / SeguroAlta (Corte inmediato);N2 Alto;QUEVEDO;NO;;6-ATM - OF. QUEVEDO;;-1.0240457901493, -79.465783077013;-1.02404579;-79.46578308;0;3;3
373;ATM - OF. QUEVEDO 2;QUEVEDO;NO;ABIERTO;OFICINA;Fabián Burgos;Bajo / Seguro;Alta (Corte inmediato);Quevedo;Los Ríos;;Generador;;;Bajo / SeguroAlta (Corte inmediato);N2 Alto;QUEVEDO;NO;;373-ATM - OF. QUEVEDO 2;;-1.0240457901493, -79.465783077013;-1.02404579;-79.46578308;0;3;3
A0028;QUEVEDO;QUEVEDO;NO;ABIERTO;AGENCIA;Fabián Burgos;Bajo / Seguro;Alta (Corte inmediato);Quevedo;Los Ríos;;Generador;70;11.9;Bajo / SeguroAlta (Corte inmediato);N2 Alto;QUEVEDO;NO;;A0028-QUEVEDO;;-1.0240457901493, -79.465783077013;-1.02404579;-79.46578308;0;3;3
